<?xml version="1.0" encoding="UTF-8"?>
<project-private xmlns="http://www.netbeans.org/ns/project-private/1">
    <editor-bookmarks xmlns="http://www.netbeans.org/ns/editor-bookmarks/2" lastBookmarkId="0"/>
    <open-files xmlns="http://www.netbeans.org/ns/projectui-open-files/2">
        <group>
            <file>file:/C:/Users/omalleym.CQU.010/OneDrive%20-%20CQUniversity/Documents/NetBeansProjects/W10Q01GenericTourTest/src/w10q01generictourtest/W10Q01GenericTourTest.java</file>
            <file>file:/C:/Users/omalleym.CQU.010/OneDrive%20-%20CQUniversity/Documents/NetBeansProjects/W10Q01GenericTourTest/src/w10q01generictourtest/Employee.java</file>
            <file>file:/C:/Users/omalleym.CQU.010/OneDrive%20-%20CQUniversity/Documents/NetBeansProjects/W10Q01GenericTourTest/src/w10q01generictourtest/Tour.java</file>
        </group>
    </open-files>
</project-private>
