<?xml version="1.0" encoding="UTF-8"?>
<project-private xmlns="http://www.netbeans.org/ns/project-private/1">
    <editor-bookmarks xmlns="http://www.netbeans.org/ns/editor-bookmarks/2" lastBookmarkId="0"/>
    <open-files xmlns="http://www.netbeans.org/ns/projectui-open-files/2">
        <group>
            <file>file:/C:/Users/omalleym.CQU.009/Documents/NetBeansProjects/W03Q02PatientTester/src/w03q02patienttester/Patient.java</file>
            <file>file:/C:/Users/omalleym.CQU.009/Documents/NetBeansProjects/W03Q02PatientTester/src/w03q02patienttester/W03Q02PatientTester.java</file>
            <file>file:/C:/Users/omalleym.CQU.009/Documents/NetBeansProjects/W03Q02PatientTester/src/w03q02patienttester/InPatient.java</file>
        </group>
    </open-files>
</project-private>
