<?xml version="1.0" encoding="UTF-8"?>
<project-private xmlns="http://www.netbeans.org/ns/project-private/1">
    <editor-bookmarks xmlns="http://www.netbeans.org/ns/editor-bookmarks/2" lastBookmarkId="0"/>
    <open-files xmlns="http://www.netbeans.org/ns/projectui-open-files/2">
        <group>
            <file>file:/C:/Users/omalleym.CQU.010/OneDrive%20-%20CQUniversity/Documents/NetBeansProjects/W01Q01BankInterestTester/src/w01q01bankinteresttester/FXMLDocumentController.java</file>
            <file>file:/C:/Users/omalleym.CQU.010/OneDrive%20-%20CQUniversity/Documents/NetBeansProjects/W01Q01BankInterestTester/src/w01q01bankinteresttester/W01Q01BankInterestTester.java</file>
            <file>file:/C:/Users/omalleym.CQU.010/OneDrive%20-%20CQUniversity/Documents/NetBeansProjects/W01Q01BankInterestTester/src/w01q01bankinteresttester/FXMLDocument.fxml</file>
        </group>
    </open-files>
</project-private>
