<?xml version="1.0" encoding="UTF-8"?>
<project-private xmlns="http://www.netbeans.org/ns/project-private/1">
    <editor-bookmarks xmlns="http://www.netbeans.org/ns/editor-bookmarks/2" lastBookmarkId="0"/>
    <open-files xmlns="http://www.netbeans.org/ns/projectui-open-files/2">
        <group>
            <file>file:/C:/Users/omalleym.CQU.010/OneDrive%20-%20CQUniversity/Documents/NetBeansProjects/W04Q01ProfitLossNB8/src/w04q01studentloggernb8/W04Q01StudentLoggerNB8.java</file>
            <file>file:/C:/Users/omalleym.CQU.010/OneDrive%20-%20CQUniversity/Documents/NetBeansProjects/W04Q01ProfitLossNB8/src/w04q01studentloggernb8/FXMLDocumentController.java</file>
            <file>file:/C:/Users/omalleym.CQU.010/OneDrive%20-%20CQUniversity/Documents/NetBeansProjects/W04Q01ProfitLossNB8/src/w04q01studentloggernb8/FXMLDocument.fxml</file>
        </group>
    </open-files>
</project-private>
