<?xml version="1.0" encoding="UTF-8"?>
<project-private xmlns="http://www.netbeans.org/ns/project-private/1">
    <editor-bookmarks xmlns="http://www.netbeans.org/ns/editor-bookmarks/2" lastBookmarkId="0"/>
    <open-files xmlns="http://www.netbeans.org/ns/projectui-open-files/2">
        <group>
            <file>file:/C:/Users/omalleym.CQU.010/OneDrive%20-%20CQUniversity/Documents/NetBeansProjects/W08Q02EmployeeTester/src/w08q02employeetester/Invoice.java</file>
            <file>file:/C:/Users/omalleym.CQU.010/OneDrive%20-%20CQUniversity/Documents/NetBeansProjects/W08Q02EmployeeTester/src/w08q02employeetester/W08Q02EmployeeTester.java</file>
            <file>file:/C:/Users/omalleym.CQU.010/OneDrive%20-%20CQUniversity/Documents/NetBeansProjects/W08Q02EmployeeTester/src/w08q02employeetester/Payable.java</file>
            <file>file:/C:/Users/omalleym.CQU.010/OneDrive%20-%20CQUniversity/Documents/NetBeansProjects/W08Q02EmployeeTester/src/w08q02employeetester/SalariedEmployee.java</file>
            <file>file:/C:/Users/omalleym.CQU.010/OneDrive%20-%20CQUniversity/Documents/NetBeansProjects/W08Q02EmployeeTester/src/w08q02employeetester/Employee.java</file>
        </group>
    </open-files>
</project-private>
