<?xml version="1.0" encoding="UTF-8"?>
<project-private xmlns="http://www.netbeans.org/ns/project-private/1">
    <editor-bookmarks xmlns="http://www.netbeans.org/ns/editor-bookmarks/2" lastBookmarkId="0"/>
    <open-files xmlns="http://www.netbeans.org/ns/projectui-open-files/2">
        <group>
            <file>file:/C:/Users/omalleym.CQU.010/OneDrive%20-%20CQUniversity/Documents/NetBeansProjects/W01Q02CQUniSalesRecordTester/src/w01q02cqunisalesrecordtester/W01Q02CQUniSalesRecordTester.java</file>
            <file>file:/C:/Users/omalleym.CQU.010/OneDrive%20-%20CQUniversity/Documents/NetBeansProjects/W01Q02CQUniSalesRecordTester/src/w01q02cqunisalesrecordtester/StatsScreenFXMLController.java</file>
            <file>file:/C:/Users/omalleym.CQU.010/OneDrive%20-%20CQUniversity/Documents/NetBeansProjects/W01Q02CQUniSalesRecordTester/src/w01q02cqunisalesrecordtester/FXMLDocumentController.java</file>
            <file>file:/C:/Users/omalleym.CQU.010/OneDrive%20-%20CQUniversity/Documents/NetBeansProjects/W01Q02CQUniSalesRecordTester/src/w01q02cqunisalesrecordtester/Product.java</file>
            <file>file:/C:/Users/omalleym.CQU.010/OneDrive%20-%20CQUniversity/Documents/NetBeansProjects/W01Q02CQUniSalesRecordTester/src/w01q02cqunisalesrecordtester/StatsScreenFXML.fxml</file>
            <file>file:/C:/Users/omalleym.CQU.010/OneDrive%20-%20CQUniversity/Documents/NetBeansProjects/W01Q02CQUniSalesRecordTester/src/w01q02cqunisalesrecordtester/FXMLDocument.fxml</file>
            <file>file:/C:/Users/omalleym.CQU.010/OneDrive%20-%20CQUniversity/Documents/NetBeansProjects/W01Q02CQUniSalesRecordTester/src/w01q02cqunisalesrecordtester/Utility.java</file>
        </group>
    </open-files>
</project-private>
