<?xml version="1.0" encoding="UTF-8"?>
<project-private xmlns="http://www.netbeans.org/ns/project-private/1">
    <editor-bookmarks xmlns="http://www.netbeans.org/ns/editor-bookmarks/2" lastBookmarkId="0"/>
    <open-files xmlns="http://www.netbeans.org/ns/projectui-open-files/2">
        <group>
            <file>file:/C:/Users/omalleym.CQU.010/OneDrive%20-%20CQUniversity/Documents/NetBeansProjects/W10Q02NeedableTester/src/w10q02needabletester/AllExpense.java</file>
            <file>file:/C:/Users/omalleym.CQU.010/OneDrive%20-%20CQUniversity/Documents/NetBeansProjects/W10Q02NeedableTester/src/w10q02needabletester/Needable.java</file>
            <file>file:/C:/Users/omalleym.CQU.010/OneDrive%20-%20CQUniversity/Documents/NetBeansProjects/W10Q02NeedableTester/src/w10q02needabletester/Tour.java</file>
            <file>file:/C:/Users/omalleym.CQU.010/OneDrive%20-%20CQUniversity/Documents/NetBeansProjects/W10Q02NeedableTester/src/w10q02needabletester/W10Q02NeedableTester.java</file>
            <file>file:/C:/Users/omalleym.CQU.010/OneDrive%20-%20CQUniversity/Documents/NetBeansProjects/W10Q02NeedableTester/src/w10q02needabletester/Study.java</file>
        </group>
    </open-files>
</project-private>
